,0,1,2,3,4,5,6,7,8,9,10,11,12,13,14,15,16,17,18,19,20,21,22,23,24,25,26,27,28,29,30,31,32,33,34,35,36,37,38,39,40,41,42,43,44,45,46,47,48,49,50,51,52,53,54,55,56,57,58,59,60,61,62,63,64,65,66,67,68,69,70,71,72,73,74,75,76,77,78,79,80,81,82,83,84,85,86,87,88,89,90,91,92,93,94,95,96,97,98,99,100
0,10000.0,0.0,0.0,0.0,0.0,0.0,0.0,0.0,0.0,0.0,0.0,0.0,0.0,0.0,0.0,0.0,0.0,0.0,0.0,0.0,0.0,0.0,0.0,0.0,0.0,0.0,0.0,0.0,0.0,0.0,0.0,0.0,0.0,0.0,0.0,0.0,0.0,0.0,0.0,0.0,0.0,0.0,0.0,0.0,0.0,0.0,0.0,0.0,0.0,0.0,0.0,0.0,0.0,0.0,0.0,0.0,0.0,0.0,0.0,0.0,0.0,0.0,0.0,0.0,0.0,0.0,0.0,0.0,0.0,0.0,0.0,0.0,0.0,0.0,0.0,0.0,0.0,0.0,0.0,0.0,0.0,0.0,0.0,0.0,0.0,0.0,0.0,0.0,0.0,0.0,0.0,0.0,0.0,0.0,0.0,0.0,0.0,0.0,0.0,0.0,0.0
1,0.0,0.0,1666.6666666666665,1666.6666666666665,0.0,1666.6666666666665,1666.6666666666665,0.0,0.0,0.0,0.0,0.0,0.0,0.0,1666.6666666666665,0.0,0.0,0.0,0.0,0.0,0.0,0.0,0.0,0.0,0.0,0.0,0.0,0.0,0.0,0.0,0.0,0.0,0.0,0.0,0.0,0.0,0.0,0.0,1666.6666666666665,0.0,0.0,0.0,0.0,0.0,0.0,0.0,0.0,0.0,0.0,0.0,0.0,0.0,0.0,0.0,0.0,0.0,0.0,0.0,0.0,0.0,0.0,0.0,0.0,0.0,0.0,0.0,0.0,0.0,0.0,0.0,0.0,0.0,0.0,0.0,0.0,0.0,0.0,0.0,0.0,0.0,0.0,0.0,0.0,0.0,0.0,0.0,0.0,0.0,0.0,0.0,0.0,0.0,0.0,0.0,0.0,0.0,0.0,0.0,0.0,0.0,0.0
2,0.0,0.0,0.0,277.7777777777777,0.0,555.5555555555554,1111.1111111111109,1111.1111111111109,1111.1111111111109,0.0,555.5555555555554,555.5555555555554,277.7777777777777,0.0,555.5555555555554,277.7777777777777,0.0,277.7777777777777,277.7777777777777,277.7777777777777,277.7777777777777,0.0,0.0,0.0,0.0,0.0,0.0,0.0,0.0,0.0,0.0,833.3333333333331,0.0,0.0,0.0,0.0,0.0,0.0,0.0,277.7777777777777,277.7777777777777,277.7777777777777,277.7777777777777,277.7777777777777,277.7777777777777,0.0,0.0,0.0,0.0,0.0,0.0,0.0,0.0,0.0,0.0,0.0,0.0,0.0,0.0,0.0,0.0,0.0,0.0,0.0,0.0,0.0,0.0,0.0,0.0,0.0,0.0,0.0,0.0,0.0,0.0,0.0,0.0,0.0,0.0,0.0,0.0,0.0,0.0,0.0,0.0,0.0,0.0,0.0,0.0,0.0,0.0,0.0,0.0,0.0,0.0,0.0,0.0,0.0,0.0,0.0,0.0
3,0.0,0.0,0.0,0.0,0.0,46.29629629629628,509.2592592592591,324.074074074074,509.2592592592591,0.0,648.148148148148,833.3333333333331,740.7407407407405,601.8518518518517,462.9629629629629,324.07407407407396,0.0,277.7777777777777,231.4814814814814,231.4814814814814,277.7777777777777,0.0,185.18518518518513,185.18518518518513,138.88888888888886,92.59259259259257,231.4814814814814,0.0,0.0,0.0,0.0,694.4444444444443,138.88888888888886,138.88888888888886,138.88888888888886,138.88888888888886,138.88888888888886,138.88888888888886,0.0,0.0,46.29629629629628,92.59259259259257,370.37037037037027,185.18518518518513,231.4814814814814,277.7777777777777,231.4814814814814,0.0,138.88888888888886,0.0,46.29629629629628,0.0,0.0,0.0,0.0,0.0,0.0,0.0,0.0,0.0,0.0,0.0,0.0,0.0,0.0,0.0,0.0,0.0,0.0,0.0,0.0,0.0,0.0,0.0,0.0,0.0,0.0,0.0,0.0,0.0,0.0,0.0,0.0,0.0,0.0,0.0,0.0,0.0,0.0,0.0,0.0,0.0,0.0,0.0,0.0,0.0,0.0,0.0,0.0,0.0,0.0
4,0.0,0.0,0.0,0.0,0.0,0.0,609.5679012345678,92.59259259259257,146.6049382716049,0.0,231.4814814814814,516.9753086419751,470.67901234567887,509.2592592592591,555.5555555555554,547.8395061728394,0.0,493.827160493827,401.23456790123447,316.35802469135797,254.62962962962956,0.0,169.75308641975303,200.6172839506172,185.18518518518513,169.75308641975306,378.0864197530863,138.88888888888886,0.0,108.02469135802465,77.16049382716048,285.49382716049377,154.32098765432096,138.88888888888886,162.037037037037,185.18518518518513,208.3333333333333,231.48148148148144,138.88888888888886,115.7407407407407,92.59259259259257,77.16049382716048,293.20987654320976,108.02469135802467,115.7407407407407,154.32098765432093,200.6172839506172,0.0,216.0493827160493,0.0,146.60493827160488,0.0,69.44444444444443,30.86419753086419,30.86419753086419,7.716049382716047,0.0,0.0,0.0,0.0,0.0,0.0,0.0,0.0,0.0,0.0,0.0,115.7407407407407,0.0,0.0,0.0,0.0,0.0,0.0,0.0,0.0,0.0,0.0,0.0,0.0,0.0,0.0,0.0,0.0,138.88888888888886,0.0,0.0,0.0,0.0,0.0,0.0,0.0,0.0,0.0,0.0,0.0,0.0,0.0,0.0,0.0,0.0
5,0.0,0.0,0.0,0.0,0.0,0.0,471.96502057613156,101.5946502057613,117.0267489711934,0.0,141.46090534979422,312.4999999999999,266.2037037037036,243.05555555555546,312.4999999999999,380.65843621399165,0.0,433.3847736625513,429.52674897119323,417.95267489711915,385.8024691358023,0.0,244.34156378600815,272.633744855967,246.9135802469135,187.7572016460905,321.50205761316863,183.89917695473247,0.0,178.75514403292175,163.32304526748968,286.77983539094646,164.60905349794234,127.31481481481478,127.31481481481478,154.32098765432096,167.18106995884767,189.04320987654316,180.04115226337444,177.46913580246908,173.61111111111106,162.037037037037,479.68106995884756,158.17901234567893,137.60288065843616,133.74485596707814,140.1748971193415,0.0,145.3189300411522,0.0,114.45473251028801,0.0,93.87860082304522,83.59053497942382,77.16049382716045,46.296296296296276,0.0,23.148148148148138,23.148148148148138,11.57407407407407,6.430041152263373,1.2860082304526745,0.0,0.0,0.0,0.0,0.0,119.5987654320987,19.290123456790116,19.290123456790116,19.290123456790116,0.0,19.290123456790116,19.290123456790116,0.0,0.0,0.0,0.0,0.0,0.0,0.0,0.0,0.0,0.0,207.04732510288062,23.14814814814814,23.14814814814814,0.0,23.14814814814814,23.14814814814814,23.14814814814814,19.290123456790116,0.0,0.0,0.0,0.0,0.0,0.0,0.0,0.0,0.0
6,0.0,0.0,0.0,0.0,0.0,0.0,276.0631001371741,78.66083676268859,95.5932784636488,0.0,115.09773662551437,257.8446502057612,190.7578875171467,156.46433470507537,180.0411522633744,212.62002743484217,0.0,252.48628257887506,272.63374485596694,310.78532235939633,329.0037722908092,0.0,277.77777777777766,318.5013717421124,333.9334705075445,261.27400548696835,424.8113854595334,212.19135802469128,0.0,202.11762688614533,186.4711934156378,287.6371742112482,189.04320987654316,162.8943758573388,153.46364883401915,174.6827846364883,170.61042524005484,171.25342935528116,154.96399176954728,157.53600823045264,165.895061728395,173.61111111111103,516.1179698216733,226.98045267489704,221.83641975308632,214.76337448559661,207.47599451303148,0.0,174.89711934156372,0.0,92.80692729766798,0.0,66.65809327846361,93.44993141289433,72.87379972565154,61.51406035665291,0.0,50.15432098765429,54.01234567901231,42.22393689986281,31.507201646090518,18.432784636488332,0.0,10.931069958847733,0.0,3.2150205761316863,1.2860082304526745,89.16323731138542,19.93312757201645,23.148148148148135,26.36316872427982,0.0,29.578189300411506,47.58230452674894,16.07510288065843,23.791152263374475,9.645061728395058,6.430041152263372,6.430041152263372,3.215020576131686,0.0,0.0,0.0,0.0,242.84122085048006,34.50788751714677,38.365912208504795,0.0,42.22393689986282,46.081961591220846,49.93998628257887,48.86831275720162,18.64711934156378,0.0,14.789094650205756,0.0,7.073045267489709,3.215020576131686,0.0,0.0,0.0
7,0.0,0.0,0.0,0.0,0.0,0.0,185.47096479195235,46.01051668952901,59.12065614997711,0.0,75.0528692272519,268.5613854595335,137.20993369913117,122.99239826245994,135.9596479195244,150.03429355281202,0.0,166.28800868769997,165.39494741655227,211.76268861454037,204.76108824874245,0.0,194.1515203475079,240.44781664380417,304.0695016003657,261.66695244627334,513.545953360768,269.38300182898934,0.0,258.4519318701416,239.0546410608138,289.53046410608124,218.871456332876,179.5767604023776,171.36059670781887,196.93787151348874,192.36539780521255,189.7219364426154,170.32464563328756,164.64477594878826,163.75171467764056,165.8236168267032,395.2331961591219,223.22959533607673,232.51743255601272,243.66283721993588,253.20073159579323,0.0,231.1957018747141,0.0,136.49548468221303,0.0,79.1966735253772,93.69998856881568,71.30201188843161,54.29812528577957,0.0,49.082647462277066,57.44170096021945,55.334076360310895,56.94158664837674,39.9019775948788,0.0,32.721764974851375,0.0,17.182498856881566,10.681012802926379,120.63471650663004,17.432556012802916,20.754743941472327,22.790923639689062,0.0,26.64894833104708,65.65786465477821,24.434156378600804,53.51223136716962,23.898319615912193,21.1119684499314,29.471021947873783,18.325617283950606,0.0,8.25188614540466,4.286694101508914,2.679183813443071,306.3557384545038,41.00937357110196,46.22485139460447,0.0,52.61917009602194,59.65649291266574,67.33681984453588,62.37139917695471,37.580018289894824,0.0,34.293552812071326,0.0,24.398433927754905,16.50377229080932,0.0,4.179526748971192,15.110596707818923
8,0.0,0.0,0.0,0.0,0.0,0.0,148.30175468678547,30.91182746532539,38.580246913580226,0.0,48.43368960524308,258.2435509068738,105.70273205304063,97.65922687090378,110.48954046639224,123.29603909465013,0.0,135.79294314891015,118.74738035360457,166.5618808108519,138.23993103185484,0.0,124.70112216125584,157.0597088858405,237.55429812528567,192.53210257582674,453.1273814967229,252.31362406645314,0.0,264.8522043133667,267.85289018442296,305.4507696997407,261.66099870446567,212.54858253315032,197.58087562871503,226.14097508001817,215.8886316872427,208.10709114464248,191.47233653406485,183.38120141746677,180.89253734186855,179.62439033683881,324.14551897576575,208.24998094802612,213.83459076360305,224.2000552507239,237.3697321292485,0.0,224.64063214449004,0.0,160.09611720774262,0.0,103.48198635878671,111.03133097088852,90.09797477518666,63.449026444139584,0.0,49.749466544734005,57.929907788446855,54.30407902758723,69.50398186252092,45.516356119493956,0.0,43.11699817101049,0.0,30.81656759640297,24.45797134583141,160.84033493369904,30.20333219021489,33.10875819234871,31.114254686785536,0.0,32.048992150586784,81.30429812528575,25.5475060966316,70.25415333028499,32.17402072854746,32.35858672458465,54.67321101966161,36.347593735711,0.0,24.386526444139598,16.843135573845437,13.574531321444892,307.71319158664824,56.64985329980184,60.4304793476604,0.0,66.75930688919371,74.81471955494587,84.31093773814965,79.38719326322203,48.03478890413045,0.0,46.59398338667884,0.0,41.72977632982776,34.692453513183956,0.0,16.015565462581918,56.79869684499311
9,0.0,0.0,0.0,0.0,0.0,0.0,123.97079649951726,24.716959114464245,29.868930358685144,0.0,36.29897151094851,229.0870849845043,87.41184492963467,80.31200782401052,91.43657439160691,103.42145665040891,0.0,115.89851489864341,95.49008027231616,143.83148687954062,109.14796397906815,0.0,93.22368922420357,114.00720958441288,197.48462346949134,137.3528235025148,372.9185718640449,194.16243554082195,0.0,215.4311858583548,233.3966017629425,274.74533861708056,257.26614496011774,225.35508116140818,218.72757423919103,251.6577201773102,245.2058486384188,236.54513888888874,220.32119246303904,208.62308210130556,203.7618519153583,200.9804622008839,307.00072715033264,211.27051262510787,211.29432759233848,215.02136996392818,221.82451226947103,0.0,201.29997967789453,0.0,150.00750171467757,0.0,103.68441358024685,125.46617798353901,99.87501111365131,77.45123488543408,0.0,61.343386424833575,69.63496418228924,62.042951087232595,78.94463178885327,49.156076944571424,0.0,46.167298557130486,0.0,35.4069025301021,31.49231729157139,165.03573832749063,43.205312007823984,48.23920070619313,46.5711607097495,0.0,46.620775224813265,106.77043641721278,34.62993922420361,89.37757201646087,40.04486739826244,40.22149507188943,74.12309321495704,49.38529600416601,0.0,37.63459425646495,29.98998977544072,27.434842249657045,260.5188725676978,66.47749644363152,69.86120637098,0.0,75.86853185490014,84.18789374079151,94.39459177970832,108.91775262917233,60.9504394655286,0.0,58.88449105827362,0.0,56.96440932530608,53.30385040390182,0.0,33.84900675710002,121.86317189960874
10,0.0,0.0,0.0,0.0,0.0,0.0,104.6613233818523,20.66179941658621,24.78129260233025,0.0,29.759447662111107,212.59439326872587,73.9904570780199,67.89729848303946,77.16313993463052,87.42441394011747,0.0,98.61149479669422,79.7467331157174,134.61344074412767,91.67968551541932,0.0,77.39467433826138,92.93195587562865,174.60290526723557,109.6158288561194,336.4347035936255,152.49781960744457,0.0,169.32094399354764,186.22494003920463,221.96971741689094,215.1090222738741,195.83361778988626,201.03239205998398,237.4869877665158,243.5247434863417,245.49295129892107,239.12625134422242,232.96875926137596,230.18009275135887,227.68580569738677,313.8711798146452,229.53874245330135,225.3263047426712,223.8218272642211,224.88820857465822,0.0,194.40190826686302,0.0,141.57336491727202,0.0,95.52199894367385,126.29738649257388,96.74301215939298,79.83885073201913,0.0,67.74613959381188,77.97003733128413,72.2951290982912,90.76925916399932,58.236194728107115,0.0,53.52033507129668,0.0,39.38515972963129,34.94581830344288,158.39599315822443,46.35037611771577,53.551261452353096,53.89657847719687,0.0,55.757288173804774,128.99856607436192,48.56781417763211,115.02778015927444,53.99498059874,52.90726504682549,97.96137926764207,64.19456722383103,0.0,48.85872061762263,40.23489099095664,38.55907805381969,221.28619478102917,67.49393247557109,70.34263254881535,0.0,75.71373456790118,83.36015824781109,92.81900016300017,126.79005862715704,72.20499606259204,0.0,70.71986824501681,0.0,72.84601559721584,74.27144061499769,0.0,56.3996307621636,210.32717531202888
11,0.0,0.0,0.0,0.0,0.0,0.0,91.47152506110739,17.44355389697538,20.887187133073084,0.0,25.017402566794793,212.97347572743243,65.40970938860096,60.29789833796222,68.17048151570444,76.90078940442115,0.0,86.5116171174222,67.5144673720836,129.64330669761546,79.59320375521455,0.0,67.4418923619931,80.34100475170334,160.52365650949483,95.20377695677877,331.89285306659133,131.83001132181175,0.0,144.34720220000895,157.0787002196621,184.0331085817851,177.74135410845219,157.52040722182699,164.74304025223393,198.24843892889794,209.60944622439263,219.15941346558213,223.07995244592047,227.0828239576452,233.27201420289347,238.12996431812263,318.50906199194714,248.22084002798502,245.56180522038173,243.2618141201232,241.73732545393074,0.0,202.90771047491614,0.0,144.73970814140222,0.0,93.47724695979886,122.39608691863248,92.96577643673045,76.68929375215211,0.0,66.40020805460998,77.69123132024528,74.76590438484699,99.51982631303373,64.76990265323427,0.0,61.16945998591561,0.0,45.80348634361572,40.31849144883906,161.79546947591538,47.707884377099205,55.43294706338517,55.4381014602279,0.0,57.856671251488834,136.47324084129275,56.425678382572066,131.11093161682095,67.04133784371169,67.0577381973022,124.21600245841017,82.90963088741267,0.0,64.01432871605216,52.98615212577687,50.692803857812976,205.54775394869785,68.85557527787653,69.40546948649987,0.0,72.98612147503198,78.89926207118941,86.36610877018796,129.37577420694385,74.83759735911414,0.0,75.14799127807692,0.0,84.70432571536628,94.22921006282913,0.0,83.30591304467472,328.1422989275854
12,0.0,0.0,0.0,0.0,0.0,0.0,84.79495949015266,15.24525417685123,18.15251315968046,0.0,21.63371101519264,222.75152732588126,61.29885739756384,56.955221452146105,64.09761219231058,71.97816125608247,0.0,80.62539239568686,59.54841596068516,123.75705441226063,71.45677701787447,0.0,60.54376582372263,71.78408121738815,156.00599305855437,86.25717734600354,336.4207242446125,122.56719727442689,0.0,133.29855043439667,143.96625000911428,165.0258016426681,158.19697923164318,132.50506273862,136.78679538862255,164.24396876399487,173.2275082188097,181.98263255293145,187.83701670023095,195.39344975647566,206.98718587911202,218.4086815375553,298.4161664935522,243.20553839701847,248.0491094907523,251.7960849531625,254.4925833135755,0.0,216.21514113572795,0.0,155.57810921155863,0.0,98.23079067837485,122.19597044727206,93.92012541579162,75.59646974276066,0.0,64.25473401121897,75.32143535365398,72.69043274706172,102.3286004834614,65.84441063748135,0.0,63.85784545432837,0.0,50.03751555617177,45.21044588263322,174.11798310366282,51.51448454238096,59.46579860523083,58.50971311814242,0.0,60.11548230424445,136.78265625176397,58.81814083224897,134.3755621140798,72.88410392540041,74.81797665598104,140.81412042476248,97.05415489001831,0.0,78.72260683394295,67.53983968381482,65.19730873082568,207.00868550230632,76.02511158929208,73.68276898770273,0.0,74.58129244944402,77.91462067431986,82.61569704321593,130.50148620831138,72.8387893349755,0.0,73.74414398041122,0.0,89.18935384084257,107.79221979133142,0.0,111.768515379941,472.5004255087815
13,0.0,0.0,0.0,0.0,0.0,0.0,83.11918177319615,14.132493248358777,16.67336894450065,0.0,19.69878780444739,225.59748252201894,60.429660861293044,56.51364384586157,63.46530505841071,71.12282156384907,0.0,79.51356327066404,55.825874115631635,118.94073608163141,66.66777270283761,0.0,55.897939964417844,65.98856760170494,159.2110692933026,80.59127858830004,326.7359931081932,118.50195694838018,0.0,128.83919552349755,139.09160705966565,156.7837710225397,150.2130872675364,120.50912976537485,122.1654406760737,144.9632399075108,150.1208096291105,154.99768599739306,157.82382448243698,162.7638307272016,173.24522856351086,184.94529364525908,261.8670459479507,214.83752215330958,225.04133979399074,235.07668859241096,244.47712779185878,0.0,215.99324710801014,0.0,161.75881981553636,0.0,104.38097227681034,126.95610110524763,98.70333524548892,78.32083262549952,0.0,64.99055938069986,75.69968171590301,71.88145582844955,102.30234230762633,65.0319453896928,0.0,63.406602205479565,0.0,50.78688155372214,47.01139535524048,183.83868935743988,55.53729833279936,64.12304575652952,63.39103794834659,0.0,64.8030708753417,140.36255789732135,61.06468913696043,135.2177547254774,74.76692577007992,77.1626575712896,146.89307150521321,103.08209336737278,0.0,86.65765300170699,77.38216045501753,76.4914497480866,213.81782825467872,85.920432606818,82.41559205669697,0.0,81.5756190823236,82.74919454326181,84.86874653384416,137.27923859203278,73.21597756049897,0.0,73.07531428504444,0.0,89.67980404143319,114.94173878975582,0.0,138.26138241871502,632.7101408146177
14,0.0,0.0,0.0,0.0,0.0,0.0,82.80461694264679,13.853196962199357,16.208612503592487,0.0,18.987507327675928,211.50829286834716,59.87021904875365,56.08863223010313,63.15215732968693,70.95081334867194,0.0,79.52148564190554,55.174165766679735,117.72453207946477,64.81138334836447,0.0,53.49132436179411,62.80764768919709,164.33433443153803,77.78434760731574,299.1002743458905,114.73747475931977,0.0,125.17147758998016,135.64658224361227,151.280845865682,144.99208727704604,115.57160297026991,115.90613177310235,136.26703855244796,138.95437928311685,140.79257971135763,140.49489887383322,141.76335507631666,148.8058052366211,157.31910321786063,229.32790679658763,182.60715156062537,192.58045758661146,203.78337680520377,215.83551978273863,0.0,196.88328737992012,0.0,153.43140054771175,0.0,103.70486578590086,131.0188846960988,101.51485671760074,81.9665380738472,0.0,68.06020687550773,78.89196677229104,74.11175167880648,103.38945911647326,65.53247864302972,0.0,63.31766410372859,0.0,50.4370576218747,46.92129524275347,180.59045130199186,57.50726141198034,66.76347780078024,66.88288505928855,0.0,68.98357779172596,148.56365309706973,64.70283513505642,140.82214552153027,77.47318509724124,79.36916640086346,150.7150817755338,105.91127610105698,0.0,89.52041715657214,81.42706686927707,81.86293931676667,216.23887226361597,92.90519747114377,90.04492067771797,0.0,89.3379105202163,90.03682029143397,91.07977775729651,147.03632218783707,78.14806513469321,0.0,76.61479605199355,0.0,91.29981417571446,119.6792584747128,0.0,161.50062820163475,801.734379416508
15,0.0,0.0,0.0,0.0,0.0,0.0,80.09293702553978,13.80076949044113,16.10963565080769,0.0,18.811071068073105,187.25728780853564,57.22703776741028,53.40463811842809,60.44387732974538,68.26780146742779,0.0,76.92835247092712,54.9305512665202,119.14551956719257,64.42052569440148,0.0,52.87192780606908,61.78714853303477,167.66807783343228,77.19487031839307,267.4470921979728,109.58632140595591,0.0,119.79401313887685,130.18798478900737,144.2177638257595,137.6561091340808,111.97141128927338,112.11043265776506,131.42812128661546,133.27738144702676,133.82868095361084,132.08063659455678,131.3311051940213,135.69639721169577,141.17967612228222,209.38541693069874,159.75060815209613,166.71970346030741,175.40062991243713,185.73730020058497,0.0,170.68906875529444,0.0,134.84710692574566,0.0,94.35836795172841,128.08663886684658,97.50640640160526,81.61166795788535,0.0,69.70085754557459,81.04422535815922,76.90874218922426,106.13082033021412,67.73665375282094,0.0,64.9976438476847,0.0,51.058558923673004,47.11277658085104,166.0236800211601,56.877744711724766,66.46228828038815,67.0365905632301,0.0,69.77756180279907,156.061091542874,68.11680919347413,149.80203505119584,81.65918276744516,83.4242327737706,157.60941614676685,110.27434450454915,0.0,92.38180914937095,83.8315210885446,84.4905013838839,213.61536406904364,95.8267619512148,93.6590821795626,0.0,93.74649943308691,95.0649733749101,96.42728687068798,153.75117585941294,84.5892919057503,0.0,82.60648264857952,0.0,95.91309824720821,125.35612882906278,0.0,182.5161682850991,979.7490772390643
16,0.0,0.0,0.0,0.0,0.0,0.0,74.23528559327005,13.348822837589964,15.648951085996819,0.0,18.33389036113143,164.51862061926363,52.67861684056622,48.86763363087797,55.46827840220913,62.85731868203208,0.0,71.10010708192453,52.71195119232311,119.24941997150695,63.28601701696884,0.0,52.57082483317356,61.38281280085174,169.49345211480642,77.64886657235502,243.68598082728954,104.49485278148364,0.0,113.94725171479813,123.61506248243847,135.7022706694991,128.5388625595954,106.90703204894675,107.30454702949964,125.98961913912714,127.92863716375025,128.44353660675347,126.71202279472871,125.78277737147471,129.009393022266,132.9403871145878,198.51443799827712,147.25031883447758,151.57064003422516,157.3438178451836,164.68873863158623,0.0,149.49894310935406,0.0,116.42445038810398,0.0,81.87891264693751,117.84987614318429,87.99686374993586,75.79975335765431,0.0,66.92718019634427,78.54398978727336,76.32496602167849,107.60616956386141,69.23271889684293,0.0,66.9202165293322,0.0,52.62897668665733,48.32061280906546,149.59662314984863,54.865443228894804,64.3450673475156,64.58917475296617,0.0,67.25218002622569,158.2928488038584,69.36921281683601,156.64892534035104,85.13234802559552,87.56944672629803,166.21765246035994,116.11212791258777,0.0,97.1282018739546,87.55816422365044,87.92022061050035,210.85717172799554,97.43225669923204,95.02432627367631,0.0,95.23720511204158,96.88970150279863,98.652113501303,154.8827071484149,88.77483628627675,0.0,87.26320457397469,0.0,101.53340562980786,132.15473919135655,0.0,202.74275852505767,1169.2953936469228
17,0.0,0.0,0.0,0.0,0.0,0.0,67.12072642268008,12.372547598878342,14.597351405143336,0.0,17.20550991947614,148.6532347221358,47.680928416208644,44.08815029075801,50.007952089639346,56.6445066423414,0.0,64.06507802915817,48.49532577293499,114.94005224256121,60.23117922166597,0.0,51.05791587712057,59.81972001598283,170.85356120397222,77.66375445621792,229.44838563274882,100.79698952474604,0.0,109.45099418279771,118.21173400178878,127.7708456492036,120.24090307925147,101.04971670130244,101.45174657921297,119.33583775079623,121.3428989881844,122.06182810173638,120.85203909127877,120.54756579713433,123.69352335088898,127.31099768301671,190.0035946697194,140.23375915134795,143.36822285596864,147.51132572921807,152.7714991415029,0.0,136.5613255572916,0.0,103.8503566033915,0.0,71.76868868817404,104.90813323252833,77.60869704792997,67.35835048802693,0.0,60.58756764961866,71.7420976823427,71.18627720573201,104.89197635048714,67.53367648780198,0.0,66.43917074433341,0.0,53.34734516861917,49.39801361278231,137.50974581602094,52.9110715291506,62.05531206729973,61.62612053699697,0.0,63.61948688138177,155.8475086760476,68.22411902657677,158.38517446002828,86.02539029003955,89.44925250214445,172.3318579034301,120.53840569554981,0.0,101.94675007753204,92.0266294997993,92.43093219947512,210.70219283516883,99.9293143914481,96.81600252255548,0.0,96.46535658917577,97.74519673724096,99.24011021929067,152.93025017733325,90.1143422563724,0.0,89.0727605918058,0.0,105.43994546159752,138.1530618687573,0.0,222.44419033673788,1370.0860305139604
18,0.0,0.0,0.0,0.0,0.0,0.0,60.713380346759884,11.186787737113345,13.248879003593068,0.0,15.681770904450289,138.62371129691783,43.32489501138561,40.0849286769737,45.37086245895365,51.27262923970299,0.0,57.84579536018053,43.747769244684264,106.54043470013572,55.69215246277252,0.0,47.955272544386716,56.46492519057348,171.39933577604072,76.15040476021713,220.1375883342888,98.14055619767372,0.0,106.4304018056113,114.70228083341377,121.6104138708335,114.2798248318808,96.07857773963126,96.120698935724,113.02932336559283,114.67679729359259,115.19865812465852,114.24715520008064,114.3490112020852,117.59865271805717,121.3056155133365,180.03083248681688,134.07825811562907,137.10691329056434,140.85961058467933,145.35357057335995,0.0,128.98140025795948,0.0,96.70206221399687,0.0,65.530530217031,93.67592526955706,69.5147506802309,59.6893125953373,0.0,53.60731157610988,63.70523951771298,63.70080768340776,97.89130227604545,62.627711562701236,0.0,62.65693256266374,0.0,51.675183464725755,48.70202812520695,129.56878550749016,51.1157125569593,59.9342244784844,59.20358136564546,0.0,60.583377260375094,152.3694988017105,66.0099166151461,156.74586786172432,84.61706826350523,88.68361322234566,174.05517366912522,121.71055047637779,0.0,104.45501347519868,95.04860941144932,96.04881594640928,211.4858170144291,102.94081838458752,99.50596983390389,0.0,98.65084524140781,99.39063308963722,100.27634384593152,151.17393153176346,90.53281937426603,0.0,89.41587599656884,0.0,107.03955902799952,142.0027473488968,0.0,240.81445326764165,1578.4300568700717
19,0.0,0.0,0.0,0.0,0.0,0.0,55.726466264730675,10.11889672445998,11.983361347312204,0.0,14.191507847911048,131.20176180235143,39.909088214805735,37.011007325576685,41.827364148886744,47.18102805811351,0.0,53.112837780655624,39.64985179119941,96.64239293274541,50.79624850060952,0.0,43.97102529462884,51.96357071869329,169.98093303475508,73.00868677898485,211.06614854972943,95.35125443425113,0.0,103.71546837646562,112.04304781230526,116.78504650311181,110.1702068403035,92.52724625656884,92.18358318022842,108.20369966951577,109.30351992951267,109.29927267287582,108.23064671517999,108.22520177654663,111.27027402028895,114.84993298401115,168.74577850988112,127.1216542075058,130.2682542060009,134.07821388774818,138.49664711818053,0.0,122.90486417517492,0.0,92.0502491177605,0.0,61.83950550755271,85.68233020568542,64.14831965975739,54.237211396802635,0.0,48.068419793692705,57.002971723044354,56.69875660649135,88.8988947423682,56.43232894143556,0.0,56.92206210266288,0.0,47.812792347469696,45.80852164435603,122.92641655754888,48.76715494334776,57.286440369507645,56.83265568881109,0.0,58.087388672297706,150.07170904199342,63.867732410529115,154.8150337265881,82.48537365076692,86.7209548004102,173.000057295423,120.4135230722595,0.0,104.3020455821797,95.58690318442542,97.32549337574943,210.26104096362346,104.79146772064401,101.66317903867896,0.0,100.8383384317965,101.43871107012292,101.99568059399425,150.16068764899666,91.49962059044064,0.0,90.00409551383433,0.0,107.57968146742147,144.02840466288137,0.0,257.0884081186122,1790.2791944949602
20,0.0,0.0,0.0,0.0,0.0,0.0,51.886959566274186,9.287744377455112,10.974227164865109,0.0,12.97145405608381,124.1483109631707,37.203665664460885,34.567435989473395,39.049454422992845,44.023454889921936,0.0,49.52170825828901,36.50688758800638,87.64724348524402,46.40224578526678,0.0,40.03355516753499,47.362059383306466,166.15886985052958,68.89236174690535,200.5468242068332,91.66506072946524,0.0,100.22843225273562,108.85374852903101,112.16888838137318,106.49349427931054,89.67750399440622,89.2068359647925,104.57076649483056,105.31880504367226,104.86221706320683,103.61458809150082,103.2913280706469,105.90765399064321,109.0887691306533,158.09353452695643,120.10351777979727,123.07391470223558,126.74684928403909,131.055684635906,0.0,116.45175798821941,0.0,87.62466323118409,0.0,58.90862673518599,80.14374667712227,60.412824834362254,50.620067415126,0.0,44.317894461633024,52.32929776058181,51.52320879649709,80.4014941610425,50.8177090437332,0.0,51.183561967838685,0.0,43.158673732159656,41.677679688989386,115.75094655579804,45.578298775339576,53.70615793256421,53.766887643705005,0.0,55.27019820059523,148.30551576114402,61.8408914526596,153.5407869334213,80.6124199233699,84.8878729170292,171.52666575619386,118.49347682095178,0.0,102.90582375757461,94.48699240017322,96.67058065578297,205.99494022017993,104.64816769637291,102.044491804437,0.0,101.60468071385354,102.47991992174872,103.1654562041443,148.36022640104628,92.6827661305982,0.0,90.98883972255848,0.0,108.13657454701813,145.22154986822287,0.0,271.17570370619967,2003.6130719480811
21,0.0,0.0,0.0,0.0,0.0,0.0,48.660629331017255,8.64782659437903,10.195783990621548,0.0,12.0248218514324,117.09201825914592,34.87811602130815,32.43090037100593,36.644182306342316,41.3233868493636,0.0,46.49872032166996,34.06095320418968,80.50975756202853,42.79145810740903,0.0,36.67968085280103,43.351940047390194,160.78383132397988,64.60066227864698,189.5018936655218,87.16561172585159,0.0,95.77086265283998,104.58192479774483,107.05589309559413,102.2438256832397,86.56827069531926,86.23701123947609,101.10481723360817,101.82853960729067,101.23938235973088,100.02160380670315,99.54178610873487,101.8107567881083,104.59422645908342,149.3641502328419,114.14301514560125,116.68323193169965,119.92645303348877,123.83570656905414,0.0,109.84558348815571,0.0,82.88803443506667,0.0,55.85535097588491,75.6936144802,57.18813243861862,47.8483102463091,0.0,41.68087761029942,49.06719335390492,47.97063852480422,73.60100974013577,46.531993765813404,0.0,46.56493403724794,0.0,38.987662328185245,37.59357315079568,108.11942992867824,41.961810324130965,49.55819345335422,49.978626114141804,0.0,51.74666176606603,145.39425641323217,59.437843052224665,151.76114322846067,78.78737999858751,83.26163537853166,170.2479025761028,116.78569212396964,0.0,101.510203725161,93.07104319585322,95.3834719419871,199.79037841254188,103.09196897577708,100.78441745501394,0.0,100.640862129491,101.82714351510438,102.79536672609868,144.59689344485204,92.9424625075383,0.0,91.38217489523183,0.0,108.57840625873058,145.97217606764826,0.0,283.37091377813294,2218.0172022226852
22,0.0,0.0,0.0,0.0,0.0,0.0,45.73223760976638,8.110104888502875,9.55140932089938,0.0,11.250706652669637,110.66050865590829,32.77018000443269,30.473094452814507,34.43694008225232,38.84500646820578,0.0,43.72810063452765,31.96255097828166,74.96830934125487,39.839500040599006,0.0,33.976814865882865,40.09009500801637,155.17087891335876,60.68611131560144,179.4590593303327,82.48633469472331,0.0,90.9006565068984,99.6371436078067,101.52086583943716,97.34603098959204,82.8030196592117,82.70346282078964,97.07629802736899,97.96529045749702,97.50639292575465,96.53697446977745,96.16660415702137,98.32885672592397,100.92448098402933,142.37009519571868,109.42865095920041,111.57925642351213,114.35619444434488,117.75363893180386,0.0,103.99209281878095,0.0,78.3818291703997,0.0,52.761554082046075,71.55317101070582,54.04709722988454,45.270855388295026,0.0,39.430901356835435,46.37771429188534,45.246354688222006,68.4088482861889,43.361338245908904,0.0,43.14195216582628,0.0,35.77809601133355,34.28093331189706,101.0289901346346,38.54426657415118,45.53790162817301,46.03677819752406,0.0,47.86860549518348,140.69457498490925,56.43992467848753,148.276603647974,76.38642176235422,81.18788074309518,168.2106899277086,114.81502677452323,0.0,100.14062555094205,91.76546896705877,94.14607949993638,193.18032224287754,101.09013156658547,98.80784437522004,0.0,98.68687999686219,99.94851648580183,101.02246174798805,139.22317568346187,91.77411387842668,0.0,90.46712138718073,0.0,108.14561834853033,145.90274421821624,0.0,293.7978876853792,2432.948080115622
23,0.0,0.0,0.0,0.0,0.0,0.0,43.0727393860472,7.62203960162773,8.973723749711542,0.0,10.565625303194771,105.29238200824675,30.88416118795776,28.723818253735473,32.45098318112075,36.59857164134624,0.0,41.19762161060226,30.04222027370549,70.37847491418708,37.32348458408704,0.0,31.749743499110526,37.41254597675767,149.9946237394425,57.34093302818531,171.02928618034463,78.23049323886536,0.0,86.31541321033876,94.7838401268191,96.09384287908853,92.33400999653304,78.64850527307627,78.70128610049099,92.4851965706226,93.5144701573677,93.23582796564942,92.56674914670234,92.43190639339991,94.65917047636817,97.26340279389056,136.12867786381213,105.30556740970424,107.29261041527853,109.79965740756765,112.83125578878823,0.0,99.24797265909666,0.0,74.61353043640696,0.0,50.021260153497416,67.66776661668536,51.11477451365542,42.79060858217269,0.0,37.27211295182191,43.84392984462781,42.77995654626769,64.2141769421744,40.78911233523778,0.0,40.47085947817343,0.0,33.35974889769101,31.781705784876273,95.17434585004919,35.70499527061524,42.129039699640444,42.52836461003156,0.0,44.23814497439665,134.9452816370345,53.113687813323494,143.1688623611894,73.21941450067972,78.27768842815141,164.52393485739293,111.86601595742145,0.0,98.14610380927587,90.12344079310387,92.6866153272213,186.82453080801406,99.00792050588966,96.72043797123337,0.0,96.4983077752797,97.65187628024694,98.61894911122451,133.46046667169514,89.61481304822233,0.0,88.4425246320901,0.0,106.463018232353,144.55304365870805,0.0,302.2508203968039,2646.886399977863
24,0.0,0.0,0.0,0.0,0.0,0.0,40.752590262600286,7.178789897674534,8.449129831279155,0.0,9.944750456231079,100.78519862016941,29.254418341471332,27.222988641789758,30.739951750474383,34.65282832237592,0.0,38.991652712067825,28.309192645793743,66.3187505967733,35.111311936826965,0.0,29.823633563763643,35.11525748028207,145.06925307709764,54.476478785597465,163.7404170844374,74.58785540397344,0.0,82.3346470272659,90.48512489952941,91.22807808698994,87.74214593924273,74.62626657527413,74.69593524764261,87.81281626439112,88.84111349110509,88.62955182952985,88.15321601062334,88.19200586898488,90.48923938903881,93.14888678501835,129.86864999288434,101.04762243997041,103.05924568064621,105.51355589207557,108.40818106110353,0.0,95.22629481419179,0.0,71.52858271178852,0.0,47.782126480715306,64.24265216025242,48.5917549776144,40.569555286707526,0.0,35.26573497766848,41.47775380297213,40.44819875149386,60.54592186568852,38.48346414451075,0.0,38.14988143668826,0.0,31.375684216975547,29.80564960887944,90.48230713130633,33.46444333513165,39.41527588023419,39.69163925047869,0.0,41.21974186920212,129.26988388190028,49.924304365286396,137.45719141298426,69.66572356599593,74.78089854777062,159.3394132143581,107.87481159962857,0.0,95.1759860174725,87.67219292548688,90.4895306408909,180.51728940118687,96.60778444917275,94.46476854058412,0.0,94.22715756757704,95.28963539793968,96.11717889011061,128.19594862612965,87.1583396349466,0.0,85.97406881444476,0.0,103.843798321323,141.93999226008077,0.0,308.4521147511951,2857.866235117549
25,0.0,0.0,0.0,0.0,0.0,0.0,38.76668935541864,6.792098377100047,7.988563360045803,0.0,9.396751665258996,96.59669338929541,27.851743177992407,25.93538119113758,29.276080981823455,32.99121796835599,0.0,37.10923094604679,26.810306628029867,62.68961460247255,33.16872933791419,0.0,28.121817981910304,33.09242357587091,139.93428303303895,51.9063677757906,156.77367944921102,71.3708399985297,0.0,78.83154363856467,86.7014418963953,87.00083886539292,83.72935375036602,71.0629752261669,71.06937708805035,83.51869962932412,84.43172783551165,84.15772593410759,83.7246382245309,83.79314990309436,86.05410645204614,88.6863238089455,123.47295826468967,96.41359164601326,98.48327008108669,100.96760835942382,103.85453336327228,0.0,91.31620917778,0.0,68.70121290800284,0.0,45.86050976451397,61.323494405211655,46.46327602782467,38.69085272172844,0.0,33.531014817548275,39.408637313826354,38.357908534202494,57.25537754055732,36.38452744742175,0.0,36.03684559038896,0.0,29.60457769973023,28.09249194397718,86.41521564770223,31.635587065641595,37.212994288163536,37.42389336208785,0.0,38.80988586767171,124.21027793050942,47.17683070282449,132.04266943511215,66.26046012997529,71.25614084922816,153.53899044565577,103.40623583138259,0.0,91.51967305678957,84.47280549087094,87.47388371745276,173.89413829883142,93.62163509744428,91.74379723903499,0.0,91.62526099288692,92.71775509990194,93.51777255941006,123.49025404473167,84.7157815037235,0.0,83.49804335278392,0.0,100.85552210137959,138.49868869618106,0.0,312.336405525304,3064.4082879263933
26,0.0,0.0,0.0,0.0,0.0,0.0,37.00797806231064,6.461114892569773,7.593131288753114,0.0,8.924558515427414,92.32988589756658,26.590132691186483,24.770974994948777,27.9615221306217,31.509441734251308,0.0,35.44185278476748,25.527275710892702,59.50994722815831,31.47940852112144,0.0,26.62964691907723,31.316616582728948,134.43480417110362,49.501144755201146,149.68365120465936,68.30476196930363,0.0,75.51293230540686,83.13611898252249,83.1885373085093,80.1130573080156,67.93900302487476,67.88769222948096,79.73258841082269,80.51378107594925,80.13549539913532,79.6616432439211,79.66085732294857,81.78255310243648,84.28000799643578,117.26946194017592,91.64815043123569,93.6907947165533,96.15056669264592,99.0129764353675,0.0,87.19866028574762,0.0,65.77027016359379,0.0,43.978659241509185,58.72592583417693,44.53357104258474,37.05808218425885,0.0,32.05635548654645,37.644857956137834,36.56954588102323,54.35473999891637,34.54063182131048,0.0,34.1562442755927,0.0,28.00577651876175,26.546888046349707,82.49300108166616,30.024855146966427,35.29745299124003,35.49347777420246,0.0,36.796697051262065,119.59406673865348,44.882106419012345,127.12891478530135,63.27725954970093,68.0833540110155,147.88738342823154,99.08089491555089,0.0,87.75074944855899,80.99691671883855,84.03230761232116,166.93516672608382,90.1277893992212,88.49702261023148,0.0,88.53437664060573,89.72645255760838,90.60043112134991,118.93516349933013,82.18247332266093,0.0,81.01113736677567,0.0,97.82214927723471,134.67594451519363,0.0,314.0890469628107,3265.8866191046977
27,0.0,0.0,0.0,0.0,0.0,0.0,35.34775266066704,6.16799634371844,7.244848825813402,0.0,8.510370707272255,87.94798855343515,25.386111442771252,23.649803880917226,26.701447231313725,30.096179038291822,0.0,33.860326241429135,24.378987389295954,56.72953308323605,29.991673264781916,0.0,25.32641404082332,29.76468852733619,128.80047457953896,47.22840390369826,142.5689298602744,65.26097727212839,0.0,72.20682978049945,79.57288240094576,79.5334722434545,76.6376669617336,65.04256797895965,64.98160815488816,76.29622352646832,76.99949954403763,76.56244322627542,76.05360290804643,75.97836723069734,77.93200961370965,80.24781975920223,111.58371068666962,87.13166983417551,89.05044567285891,91.38863758496429,94.13692247991384,0.0,82.96199170266304,0.0,62.67549968838572,0.0,41.99698448078482,56.21086145864519,42.612252587504585,35.501404380310774,0.0,30.716039717088282,36.05876563151269,35.0031320839508,51.81900477439511,32.94726358448045,0.0,32.527688523989056,0.0,26.60352699614046,25.176232102430212,78.5636690398949,28.533651653728384,33.53779417822279,33.72799563083068,0.0,34.97594584007079,115.01406353114871,42.86775828372074,122.4199098070159,60.64921046140528,65.2798407573217,142.5756838394684,95.14218082198585,0.0,84.24296778163335,77.67994022550964,80.63321642036591,159.93647962092916,86.4660059035589,84.9738216508373,0.0,85.09820051111603,86.35444383141056,87.30346798895843,114.22458731470053,79.38224107152092,0.0,78.32981619025918,0.0,94.72891731076433,130.66312616859705,0.0,313.9924109955429,3462.2096509765024
28,0.0,0.0,0.0,0.0,0.0,0.0,33.715316809000235,5.8912921101111735,6.919291500730914,0.0,8.126766305033147,83.65677263534111,24.20315951515105,22.542885978835084,25.456520568368212,28.699286969284934,0.0,32.296921691121526,23.28231130578719,54.20515826211253,28.627745497261113,0.0,24.160086663123842,28.38115566992773,123.35395465138461,45.1021305826194,135.77514338899383,62.28148515194519,0.0,68.93724569049603,76.01093589935658,75.93310350795753,73.19051525955041,62.20197144312694,62.16556989426549,72.99583792008018,73.67740354440832,73.2485064015903,72.75333489872713,72.65599088977928,74.47862409840221,76.63702434153913,106.47174021650059,83.0596589041001,84.82119667208346,86.98733713288554,89.55571552526337,0.0,78.88189770976369,0.0,59.58966624006668,0.0,39.9624023118271,53.65983238304902,40.640889555079795,33.91593303588672,0.0,29.386917151207562,34.50625710405561,33.51655396251025,49.53092521387196,31.51639109787628,0.0,31.090700965237893,0.0,25.382848161135904,23.98291397983418,74.73629377716118,27.145186110409103,31.900794719363834,32.06914566173613,0.0,33.25655710085116,110.28366617674234,40.96490847233356,117.61968564347389,58.16761218213114,62.65448132056024,137.38513823697076,91.46774444668011,0.0,81.01113761453286,74.64831394363577,77.48676890431982,153.20397954546044,82.93913081173731,81.49310165866616,0.0,81.61491063686682,82.85128735113454,83.80482525297532,109.38980158118811,76.32575354950382,0.0,75.39382345295108,0.0,91.44965786449461,126.44249006550601,0.0,312.2806524412225,3653.3177934158493
29,0.0,0.0,0.0,0.0,0.0,0.0,32.11423199533559,5.619219468166706,6.6011014865185675,0.0,7.754316736640386,79.65974544482859,23.051573226702764,21.4662136777279,24.241479322515218,27.331017500454767,0.0,30.75977094449673,22.199795787126803,51.78916184048643,27.3233664661124,0.0,23.068689459380394,27.095370569901036,118.23981497942745,43.121350123968305,129.5262909761148,59.4620784926749,0.0,65.81564490747846,72.57499324423983,72.43880685554221,69.82298560645819,59.39221425155095,59.37896196674791,69.73989028245883,70.41632232072286,70.02740026156481,69.5799674105036,69.50710401703306,71.24944059147512,73.30161629216457,101.76038465000228,79.3742034744231,81.00939555817473,83.02070585373411,85.4092635609185,0.0,75.1492747418055,0.0,56.70769117333268,0.0,38.00454657918229,51.10843687261216,38.682299774117745,32.308798415003764,0.0,28.02984288097377,32.92766240617503,32.01830487154645,47.350761347621,30.142764411255346,0.0,29.742840754920273,0.0,24.275761873249394,22.920144239687005,71.16457846867726,25.865459480561523,30.389657165629707,30.524672791317364,0.0,31.639055708084065,105.51575929019833,39.10922496151709,112.70676055312998,55.698993842522846,60.048738262588685,132.09310597142465,87.84591533870199,0.0,77.88244363830268,71.78101896681251,74.52780259372994,146.84217654235565,79.63632407577148,78.2148884699477,0.0,78.29521581063658,79.45631525950841,80.35040166731088,104.65340635350341,73.19232108013848,0.0,72.3310963952781,0.0,87.96891992760126,121.98108444077593,0.0,309.114872264844,3838.955492436903
30,0.0,0.0,0.0,0.0,0.0,0.0,30.584057651478272,5.352371999222598,6.288908577250382,0.0,7.38909215833681,76.00861881261953,21.958102521914974,20.447659393809502,23.088825095403035,26.028888068069143,0.0,29.291671528704875,21.141675778649564,49.4112688583155,26.053537565846657,0.0,22.01201583970373,25.856797416267128,113.39350640165449,41.252733885884616,123.78736016470114,56.84191935146533,0.0,62.907484190347745,69.36086324661065,69.13915178241618,66.63630241267504,56.685751517732264,56.674107477544936,66.57060113866959,67.22464203449965,66.86486354724681,66.46296244825058,66.42245941559149,68.10827437650518,70.08668748062638,97.24749390535686,75.90431887045723,77.4621194059336,79.36702409721214,81.61929106999565,0.0,71.76232551620879,0.0,54.09810661910547,0.0,36.211038246009444,48.66017459267568,36.828324894488766,30.750495733207476,0.0,26.684013606819327,31.35565408698162,30.509506724813743,45.20054581026889,28.772561653553332,0.0,28.41155598626193,0.0,23.209111897557175,21.918688064507666,67.89474110148379,24.683887556088987,28.994797469515905,29.102600204634147,0.0,30.144085357645476,100.92184729756127,37.322434072631836,107.8603184454143,53.2492455507078,57.444965725908716,126.69865907697246,84.19543048023026,0.0,74.73225232806135,68.92819950892347,71.60853702963841,140.7739801850731,76.47989284665046,75.11162763616204,0.0,75.16703510810288,76.25273458207356,77.0741533597033,100.18223655038287,70.16170459348449,0.0,69.32461002851629,0.0,84.41084422523889,117.34816617980817,0.0,304.64257701464584,4018.7719444299673
31,0.0,0.0,0.0,0.0,0.0,0.0,29.153531008358833,5.097342941913045,5.989404941783477,0.0,7.037556371325207,72.62158489101591,20.937174866484597,19.49951567822405,22.0153969106552,24.815382997013977,0.0,27.92201564863603,20.135857767983588,47.08683362451217,24.827054888190354,0.0,20.98302562191943,24.65169492853672,108.68496416554856,39.45452101363125,118.37592098982307,54.38373561803518,0.0,60.18871953666211,66.36383399900888,66.06261651116012,63.6727964559235,54.14762016391916,54.12159219163031,63.56727677122113,64.1777962626081,63.82175939392293,63.44271135472804,63.4138213606573,65.0366060103005,66.94230049346055,92.84948851705097,72.53212352892955,74.03869941613128,75.87189224241179,78.02931968934857,0.0,68.6000412248259,0.0,51.70179334822503,0.0,34.57995386755165,46.38507760028261,35.1219408289999,29.29960739204656,0.0,25.40833891106356,29.85567451220011,29.04644381902881,43.08544308273251,27.416702660348506,0.0,27.08704698040615,0.0,22.14902836248298,20.932295891273554,64.85977748406702,23.572349508301762,27.686330767649924,27.783537681525583,0.0,28.76578573270508,96.6096626471859,35.64120298090763,103.24686725269152,50.891880896314504,54.91632178732678,121.36470357948619,80.58291169486606,0.0,71.57476987987225,66.05342552698009,68.66658452001604,134.88456858058373,73.37306658865442,72.08714364972445,0.0,72.15037286774124,73.19017880093782,73.96421172634366,95.98154497107997,67.2979645394041,0.0,66.47297736562452,0.0,80.92739883042745,112.6873156561745,0.0,299.0494175844654,4192.52148622998
32,0.0,0.0,0.0,0.0,0.0,0.0,27.821101952453155,4.8589218347264715,5.708478991711979,0.0,6.706713148675892,69.39165189417128,19.983236692399412,18.613844002087042,21.01420612480554,23.68520478628416,0.0,26.648175890565618,19.19824768350231,44.86679533131439,23.66258115813349,0.0,19.99529365488702,23.492464591873592,104.05400426282887,37.70559553811787,113.14418075085983,52.02502111990984,0.0,57.591806119262465,63.51464355395003,63.167835008202644,60.895804442448224,51.77861702013163,51.739264444445624,60.759529809717336,61.322622682143844,60.958283059410384,60.58480687320419,60.546459356338275,62.0908262224613,63.90999519223966,88.60368996700225,69.25111452168672,70.70284187752115,72.46883988775502,74.54518503471411,0.0,65.55358723231203,0.0,49.42332542878626,0.0,33.05519237706658,44.28140237698861,33.54447767348086,27.964794274176533,0.0,24.231096614813453,28.46581976665738,27.67843987409879,41.05353303113768,26.11591795284526,0.0,25.80210049756225,0.0,21.105939423752663,19.956370180995023,61.96468673322041,22.504691453038284,26.433416371088576,26.53329700229587,0.0,27.472381888802975,92.54200901329268,34.06961105622804,98.8988995355607,48.67450938250262,52.52589991830077,116.24289628146033,77.11177319065209,0.0,68.50044753511418,63.22176463964429,65.74868874475523,129.12937625645247,70.29371003371969,69.09206918268443,0.0,69.17746481099311,70.19362270111998,70.9475550812736,91.95804888811708,64.56224200263786,0.0,63.76404548425113,0.0,77.59524937721785,108.12363877917659,0.0,292.5557966290922,4360.15165250136
33,0.0,0.0,0.0,0.0,0.0,0.0,26.565809441403886,4.636850325408859,5.446670631196604,0.0,6.398083796481934,66.26946408025941,19.08114463695646,17.77483376028084,20.067320788174264,22.618275310356523,0.0,25.44802391662457,18.32411124935696,42.784080954466205,22.56877163607867,0.0,19.062633343919302,22.39518228640047,99.53357313534684,36.01185649983956,108.06526761445994,49.731923133094526,0.0,55.070211043931664,60.75343463182981,60.39495831016527,58.240581092030794,49.5325183739622,49.49145102399916,58.1146617647401,58.64261571314924,58.277278901181546,57.909020243049504,57.857187314842164,59.31849437087661,61.04375466721255,84.57899970593293,66.11567677844268,67.49781535548874,69.18415452287489,71.17121794477768,0.0,62.595278548113214,0.0,47.21174233871705,0.0,31.587016282635396,42.30379656046848,32.05225123585891,26.717399642720384,0.0,23.140977783618762,27.17949388608767,26.41459845101947,39.142696614128695,24.898947260147303,0.0,24.59080120659209,0.0,20.10833189260733,19.012915150882975,59.161877606453764,21.47151613925506,25.22229804809477,25.327517360349155,0.0,26.232076956773028,88.62456782209796,32.58096595475306,94.74603824818462,46.58603308269671,50.276235146064494,111.37141440632853,73.82563753122417,0.0,65.57566305141275,60.509254384671664,62.93379692752861,123.54035505168386,67.28534172776972,66.14899786828099,0.0,66.24760147620935,67.24021817143415,67.98104049749494,88.03380382903026,61.894793444031365,0.0,61.13982224735693,0.0,74.40373170178589,103.70841701495894,0.0,285.3769861310177,4521.745372440434
34,0.0,0.0,0.0,0.0,0.0,0.0,25.368187062084907,4.427634906900647,5.200443294468791,0.0,6.108221733001558,63.26859289069809,18.219479712458448,16.972035578383874,19.16169948419587,21.598474510358816,0.0,24.30183976267125,17.498266402065443,40.83487983663251,21.54030203649642,0.0,18.187497959421066,21.36460351674095,95.18803141359487,34.390706892701914,103.19393931271904,47.51141881332769,0.0,52.62296711152356,58.068805237778754,57.71367055352748,55.66929912224687,47.36518470184201,47.33195057531995,55.58052574598648,56.08793419945455,55.73613104634113,55.38318447817717,55.32792433668029,56.71536916016028,58.353209717973186,80.79860237953241,63.164122533849216,64.4705221800594,66.06865469879928,67.95648256680474,0.0,59.757977384586155,0.0,45.07474439520909,0.0,30.163039805267992,40.41124743475224,30.61630562165569,25.5258010696133,0.0,22.110077286947195,25.966906917550318,25.23231985145903,37.356194346695546,23.76586106292916,0.0,23.46278566583365,0.0,19.17450725531459,18.12346282891257,56.46223147745209,20.47898764275602,24.057573665965197,24.16282313954898,0.0,25.03268738417262,84.80212392152097,31.14632938776166,90.7128507219026,44.58519439035963,48.128280344084224,106.69878026978382,70.69754244335422,0.0,62.80089306908309,57.939163869621105,60.259700753283596,118.16936705237106,64.39745115775351,63.307401857177766,0.0,63.402957659989134,64.3593488419121,65.07708571589635,84.20127598980535,59.27527697374161,0.0,58.56624290303334,0.0,71.30948723691421,99.43290037784686,0.0,277.68948360319837,4677.41458601783
35,0.0,0.0,0.0,0.0,0.0,0.0,24.221417318182773,4.2280311770141505,4.965970328164259,0.0,5.8327108772423895,60.42037439342578,17.395513314525665,16.20406208958792,18.294795534835124,20.621671566456303,0.0,23.203380362682516,16.708921508011375,38.99394586720942,20.56585999932065,0.0,17.362548006310938,20.393797666214446,91.0499212517744,32.85255246048097,98.58045598266224,45.387463182529636,0.0,50.274783324847405,55.48451059064451,55.130683771917546,53.185133504812754,45.26436013973405,45.23998778781977,53.128646217039766,53.62157265611692,53.29142748306288,52.96183756519849,52.914151791186875,54.24127506365992,55.80517816113331,77.22958591450184,60.385736853144074,61.62373543439542,63.13829171804246,64.92841344506229,0.0,57.076397393174176,0.0,43.0422728050416,0.0,28.79820072443333,38.59151928518074,29.234501503302575,24.377556209480836,0.0,21.119398988548202,24.804411869706065,24.10505638841979,35.672708637113985,22.69854991204423,0.0,22.405226577596874,0.0,18.302860154486233,17.29322472179549,53.89741264306487,19.537164537918816,22.95032914504482,23.04946047840008,0.0,23.880846459105808,81.08504141520658,29.755699292327293,86.78012798722635,42.642802425817806,46.046530967619574,102.16522894022296,67.67892650590215,0.0,60.13710802824741,55.485115086110824,57.71077666598774,113.0387130522719,61.64444453128551,60.59442931701872,0.0,60.67884744836784,61.589479746762514,62.2727544282006,80.50063854044639,56.72467834413011,0.0,56.05265753022409,0.0,68.2898093427175,95.27516403950585,0.0,269.62600808896434,4827.242434630869
36,0.0,0.0,0.0,0.0,0.0,0.0,23.128187962678865,4.036902886363795,4.741574749199487,0.0,5.569236470560197,57.733450757403666,16.611417349004892,15.473766681728707,17.469771833824336,19.691242701602814,0.0,22.156069483138467,15.953237144681253,37.23882614290092,19.63711913986579,0.0,16.57868462287066,19.472442623922483,87.10594328799814,31.394345465138308,94.22260348506346,43.3732125612405,0.0,48.04403175727695,53.02419603371577,52.665864060754316,50.80964947543356,43.243762395791975,43.223245221992705,50.76324318662934,51.23888700199473,50.92839734624013,50.62185463143102,50.5846386414953,51.85960391673744,53.359818462710805,73.82153700400644,57.74057599645722,58.92296089147075,60.36661053633691,62.07063385747951,0.0,54.550960560857675,0.0,41.127806331779055,0.0,27.507847273879676,36.85340798676887,27.918065034638303,23.277749052993038,0.0,20.166962953732913,23.68686278515761,23.021231309369732,34.06956834770209,21.679855348878146,0.0,21.400020965972047,0.0,17.480256919195813,16.51322421354022,51.48087278787389,18.649787349490577,21.905981439143712,21.9968318670517,0.0,22.78793192103734,77.51360196190697,28.41714033927935,82.97693089664138,40.75852927204435,44.02408626328064,97.75555963398016,64.74590517140342,0.0,57.55226947113147,53.111766144634984,55.25215158801715,108.13398229607395,59.00843988975333,58.00269289398389,0.0,58.07891310877911,58.94453516915528,59.59098568261774,76.96840119205757,54.27269158013267,0.0,53.62773308465124,0.0,65.35505792140603,91.23221264600593,0.0,261.2912785595448,4971.2945938176235
